{
    "land": {
        "南庄": 0,
        "石湾": 0,
        "张槎": 0,
        "祖庙": 28849.97
    },
    "plan": {
        "南庄": 530184.41,
        "石湾": 578580.9,
        "张槎": 599306.6000000001,
        "祖庙": 1140147.7
    },
    "construct": {
        "南庄": 482594.38,
        "石湾": 578580.9,
        "张槎": 464312.29000000004,
        "祖庙": 1051946.1500000001
    },
    "prepare": {
        "南庄": 178085.49,
        "石湾": 265825.91,
        "张槎": 409309.35,
        "祖庙": 391941.43999999994
    },
    "doing": {
        "南庄": 0,
        "石湾": 22243.57,
        "张槎": 0,
        "祖庙": 1587.24
    },
    "saled-prepare": {
        "南庄": 29925.87,
        "石湾": 176874.80999999997,
        "张槎": 255784.76,
        "祖庙": 186145.32
    },
    "saled-doing": {
        "南庄": 0,
        "石湾": 21236.71,
        "张槎": 0,
        "祖庙": 0
    }
}