{
    "plan": {
        "南庄": {
            "residenceSize": 1905078.6100000003,
            "commerceSize": 694855.3999999999,
            "officeSize": 530184.41,
            "otherSize": 129775.90000000002,
            "parkSize": 1059585.98,
            "otherSize1": 149781.38999999998
        },
        "石湾": {
            "residenceSize": 3424910.54,
            "commerceSize": 1137639.1300000001,
            "officeSize": 578580.9,
            "otherSize": 211276.58000000002,
            "parkSize": 1658122.4399999997,
            "otherSize1": 190705.87999999992
        },
        "张槎": {
            "residenceSize": 1425959.6199999999,
            "commerceSize": 469657.76,
            "officeSize": 599306.6000000001,
            "otherSize": 855148.5400000002,
            "parkSize": 918375.6200000001,
            "otherSize1": 71143.10999999999
        },
        "祖庙": {
            "residenceSize": 2608808.7900000005,
            "commerceSize": 1109523.3999999994,
            "officeSize": 1140147.7,
            "otherSize": 90994.49999999999,
            "parkSize": 1593609.7299999997,
            "otherSize1": 145629.61999999997
        }
    }
}