{
    "land": {
        "南庄": 1466715.7200000002,
        "石湾": 4586585.41,
        "张槎": 1876069.0500000003,
        "祖庙": 3120797.1399999997
    },
    "plan": {
        "南庄": 694855.3999999999,
        "石湾": 1137639.1300000001,
        "张槎": 469657.76,
        "祖庙": 1109523.3999999994
    },
    "construct": {
        "南庄": 528038.2999999998,
        "石湾": 1129624.6100000003,
        "张槎": 436976.72,
        "祖庙": 1042103.4799999994
    },
    "prepare": {
        "南庄": 111514.23,
        "石湾": 349717.6000000002,
        "张槎": 124329.62,
        "祖庙": 331642.52
    },
    "doing": {
        "南庄": 4800.24,
        "石湾": 130442.94,
        "张槎": 0,
        "祖庙": 5292.0199999999995
    },
    "saled-prepare": {
        "南庄": 41177.539999999986,
        "石湾": 255469.33000000002,
        "张槎": 50759.76000000001,
        "祖庙": 104685.79000000001
    },
    "saled-doing": {
        "南庄": 2810.04,
        "石湾": 864.08,
        "张槎": 0,
        "祖庙": 1633.14
    }
}