{
    "land": {
        "南庄": 1753149.3399999999,
        "石湾": 2911315.1100000003,
        "张槎": 1391595.97,
        "祖庙": 1785374.0400000003
    },
    "plan": {
        "南庄": 1079446.02,
        "石湾": 1661224.2599999998,
        "张槎": 918375.6200000001,
        "祖庙": 1593609.7299999997
    },
    "construct": {
        "南庄": 957985.8500000002,
        "石湾": 1586974.4699999997,
        "张槎": 760984.8099999999,
        "祖庙": 1502942.0499999996
    },
    "prepare": {
        "南庄": 0,
        "石湾": 0,
        "张槎": 0,
        "祖庙": 0
    },
    "doing": {
        "南庄": 80398.31,
        "石湾": 302017.44,
        "张槎": 144842.37000000002,
        "祖庙": 190882.52999999994
    },
    "saled-prepare": {
        "南庄": 0,
        "石湾": 0,
        "张槎": 0,
        "祖庙": 0
    },
    "saled-doing": {
        "南庄": 48204.5,
        "石湾": 162165.62999999998,
        "张槎": 46305.32,
        "祖庙": 76510.51999999999
    }
}