{
    "land": {
        "南庄": 1466715.7200000002,
        "石湾": 4586585.41,
        "张槎": 1876069.0500000003,
        "祖庙": 3120797.1399999997
    },
    "plan": {
        "南庄": 694855.3999999999,
        "石湾": 1137639.1300000001,
        "张槎": 469657.76,
        "祖庙": 1109523.3999999994
    },
    "construct": {
        "南庄": 472568.4999999998,
        "石湾": 1110181.8900000004,
        "张槎": 433878.34,
        "祖庙": 1031958.0299999994
    },
    "prepare": {
        "南庄": 111514.23,
        "石湾": 349828.6000000002,
        "张槎": 124329.62,
        "祖庙": 331642.52
    },
    "doing": {
        "南庄": 4800.24,
        "石湾": 130442.94,
        "张槎": 0,
        "祖庙": 5292.0199999999995
    },
    "saled-prepare": {
        "南庄": 0,
        "石湾": 1,
        "张槎": 0,
        "祖庙": 0
    },
    "saled-doing": {
        "南庄": 0,
        "石湾": 448,
        "张槎": 0,
        "祖庙": 0
    }
}