{
    "land": {
        "南庄": 3155806.15,
        "石湾": 4018763.6100000003,
        "张槎": 2455953.6199999996,
        "祖庙": 2925086.1
    },
    "plan": {
        "南庄": 1926696.6800000004,
        "石湾": 3424910.54,
        "张槎": 1425959.6199999999,
        "祖庙": 2608808.7900000005
    },
    "construct": {
        "南庄": 1825272,
        "石湾": 3222945.7500000005,
        "张槎": 1180028.53,
        "祖庙": 2484125.74
    },
    "prepare": {
        "南庄": 1816642.5000000005,
        "石湾": 2306671.180000001,
        "张槎": 1206308.100000001,
        "祖庙": 2101047.4700000007
    },
    "doing": {
        "南庄": 5838.42,
        "石湾": 40034.97,
        "张槎": 0,
        "祖庙": 176013.94
    },
    "saled-prepare": {
        "南庄": 1502306.429999999,
        "石湾": 2181754.710000001,
        "张槎": 1008927.2900000002,
        "祖庙": 1933915.8400000003
    },
    "saled-doing": {
        "南庄": 0,
        "石湾": 37297.51,
        "张槎": 0,
        "祖庙": 162546.42
    }
}