{
    "land": {
        "南庄": 3155806.15,
        "石湾": 4018763.6100000003,
        "张槎": 2455953.6199999996,
        "祖庙": 2925086.1
    },
    "plan": {
        "南庄": 1905078.6100000003,
        "石湾": 3424910.54,
        "张槎": 1425959.6199999999,
        "祖庙": 2608808.7900000005
    },
    "construct": {
        "南庄": 1736133.61,
        "石湾": 2760527.2,
        "张槎": 1053675.1700000002,
        "祖庙": 2476346.75
    },
    "prepare": {
        "南庄": 1816642.5000000005,
        "石湾": 2306671.180000001,
        "张槎": 1206308.100000001,
        "祖庙": 2101047.4700000007
    },
    "doing": {
        "南庄": 5838.42,
        "石湾": 40034.97,
        "张槎": 0,
        "祖庙": 176013.94
    },
    "saled-prepare": {
        "南庄": 0,
        "石湾": 1654,
        "张槎": 0,
        "祖庙": 0
    },
    "saled-doing": {
        "南庄": 0,
        "石湾": 127,
        "张槎": 0,
        "祖庙": 0
    }
}