{
    "land": {
        "南庄": {
            "residenceSize": 3155806.15,
            "commerceSize": 1466715.7200000002,
            "officeSize": 0,
            "otherSize": 19479.39,
            "parkSize": 1753149.3399999999,
            "otherSize1": 5701.13
        },
        "石湾": {
            "residenceSize": 4018763.6100000003,
            "commerceSize": 4586585.41,
            "officeSize": 0,
            "otherSize": 55117.53,
            "parkSize": 2911315.1100000003,
            "otherSize1": 0
        },
        "张槎": {
            "residenceSize": 2455953.6199999996,
            "commerceSize": 1876069.0500000003,
            "officeSize": 0,
            "otherSize": 725816.79,
            "parkSize": 1391595.97,
            "otherSize1": 0
        },
        "祖庙": {
            "residenceSize": 2925086.1,
            "commerceSize": 3120797.1399999997,
            "officeSize": 28849.97,
            "otherSize": 49729.7,
            "parkSize": 1785374.0400000003,
            "otherSize1": 6388
        }
    },
    "plan": {
        "南庄": {
            "residenceSize": 1905078.6100000003,
            "commerceSize": 694855.3999999999,
            "officeSize": 530184.41,
            "otherSize": 129775.90000000002,
            "parkSize": 1059585.98,
            "otherSize1": 149781.38999999998
        },
        "石湾": {
            "residenceSize": 3424910.54,
            "commerceSize": 1137639.1300000001,
            "officeSize": 578580.9,
            "otherSize": 211276.58000000002,
            "parkSize": 1658122.4399999997,
            "otherSize1": 190705.87999999992
        },
        "张槎": {
            "residenceSize": 1425959.6199999999,
            "commerceSize": 469657.76,
            "officeSize": 599306.6000000001,
            "otherSize": 855148.5400000002,
            "parkSize": 918375.6200000001,
            "otherSize1": 71143.10999999999
        },
        "祖庙": {
            "residenceSize": 2608808.7900000005,
            "commerceSize": 1109523.3999999994,
            "officeSize": 1140147.7,
            "otherSize": 90994.49999999999,
            "parkSize": 1593609.7299999997,
            "otherSize1": 145629.61999999997
        }
    },
    "construct": {
        "南庄": {
            "residenceSize": 1736133.61,
            "commerceSize": 472568.4999999998,
            "officeSize": 482594.38,
            "otherSize": 47231.87999999998,
            "parkSize": 925755.6000000002,
            "otherSize1": 120165.65
        },
        "石湾": {
            "residenceSize": 2760527.2,
            "commerceSize": 1110181.8900000004,
            "officeSize": 578580.9,
            "otherSize": 196805.61000000004,
            "parkSize": 1453020.9699999997,
            "otherSize1": 143348.77
        },
        "张槎": {
            "residenceSize": 1053675.1700000002,
            "commerceSize": 433878.34,
            "officeSize": 464312.29000000004,
            "otherSize": 848019.65,
            "parkSize": 738998.58,
            "otherSize1": 49289.61999999999
        },
        "祖庙": {
            "residenceSize": 2476346.75,
            "commerceSize": 1031958.0299999994,
            "officeSize": 1051946.1500000001,
            "otherSize": 85546.97999999998,
            "parkSize": 1479423.1299999997,
            "otherSize1": 137938.05
        }
    },
    "prepare": {
        "南庄": {
            "residenceSize": 1816642.5000000005,
            "commerceSize": 111514.23,
            "officeSize": 178085.49,
            "otherSize": 0,
            "parkSize": 0,
            "otherSize1": 0
        },
        "石湾": {
            "residenceSize": 2306671.180000001,
            "commerceSize": 349828.6000000002,
            "officeSize": 266047.91,
            "otherSize": 72998.02,
            "parkSize": 0,
            "otherSize1": 0
        },
        "张槎": {
            "residenceSize": 1206308.100000001,
            "commerceSize": 124329.62,
            "officeSize": 409309.35,
            "otherSize": 406936.42,
            "parkSize": 0,
            "otherSize1": 0
        },
        "祖庙": {
            "residenceSize": 2101047.4700000007,
            "commerceSize": 331642.52,
            "officeSize": 391941.43999999994,
            "otherSize": 110166.74,
            "parkSize": 0,
            "otherSize1": 0
        }
    },
    "doing": {
        "南庄": {
            "residenceSize": 1816642.5000000005,
            "commerceSize": 111514.23,
            "officeSize": 178085.49,
            "otherSize": 0,
            "parkSize": 0,
            "otherSize1": 0
        },
        "石湾": {
            "residenceSize": 2306671.180000001,
            "commerceSize": 349828.6000000002,
            "officeSize": 266047.91,
            "otherSize": 72998.02,
            "parkSize": 0,
            "otherSize1": 0
        },
        "张槎": {
            "residenceSize": 1206308.100000001,
            "commerceSize": 124329.62,
            "officeSize": 409309.35,
            "otherSize": 406936.42,
            "parkSize": 0,
            "otherSize1": 0
        },
        "祖庙": {
            "residenceSize": 2101047.4700000007,
            "commerceSize": 331642.52,
            "officeSize": 391941.43999999994,
            "otherSize": 110166.74,
            "parkSize": 0,
            "otherSize1": 0
        }
    },
    "saled-prepare": {
        "南庄": {
            "residenceSize": 0,
            "commerceSize": 0,
            "officeSize": 0,
            "otherSize": 0,
            "parkSize": 0,
            "otherSize1": 0
        },
        "石湾": {
            "residenceSize": 1654,
            "commerceSize": 1,
            "officeSize": 2,
            "otherSize": 3,
            "parkSize": 5,
            "otherSize1": 6
        },
        "张槎": {
            "residenceSize": 0,
            "commerceSize": 0,
            "officeSize": 0,
            "otherSize": 0,
            "parkSize": 0,
            "otherSize1": 0
        },
        "祖庙": {
            "residenceSize": 0,
            "commerceSize": 0,
            "officeSize": 0,
            "otherSize": 0,
            "parkSize": 0,
            "otherSize1": 0
        }
    },
    "saled-doing": {
        "南庄": {
            "residenceSize": 0,
            "commerceSize": 0,
            "officeSize": 0,
            "otherSize": 0,
            "parkSize": 0,
            "otherSize1": 0
        },
        "石湾": {
            "residenceSize": 127,
            "commerceSize": 448,
            "officeSize": 971,
            "otherSize": 1,
            "parkSize": 0,
            "otherSize1": 0
        },
        "张槎": {
            "residenceSize": 0,
            "commerceSize": 0,
            "officeSize": 0,
            "otherSize": 0,
            "parkSize": 0,
            "otherSize1": 0
        },
        "祖庙": {
            "residenceSize": 0,
            "commerceSize": 0,
            "officeSize": 0,
            "otherSize": 0,
            "parkSize": 0,
            "otherSize1": 0
        }
    }
}