{
    "land": {
        "南庄": 5701.13,
        "石湾": 0,
        "张槎": 0,
        "祖庙": 6388
    },
    "plan": {
        "南庄": 149781.38999999998,
        "石湾": 190705.87999999992,
        "张槎": 71143.10999999999,
        "祖庙": 145629.61999999997
    },
    "construct": {
        "南庄": 120165.65,
        "石湾": 143348.77,
        "张槎": 49289.61999999999,
        "祖庙": 137938.05
    },
    "prepare": {
        "南庄": 0,
        "石湾": 0,
        "张槎": 0,
        "祖庙": 0
    },
    "doing": {
        "南庄": 0,
        "石湾": 2042.86,
        "张槎": 6714.410000000001,
        "祖庙": 2777.83
    },
    "saled-prepare": {
        "南庄": 0,
        "石湾": 0,
        "张槎": 0,
        "祖庙": 0
    },
    "saled-doing": {
        "南庄": 0,
        "石湾": 0,
        "张槎": 0,
        "祖庙": 0
    }
}