{
    "land": {
        "南庄": 19479.39,
        "石湾": 55117.53,
        "张槎": 725816.79,
        "祖庙": 49729.7
    },
    "plan": {
        "南庄": 129775.90000000002,
        "石湾": 211276.58000000002,
        "张槎": 855148.5400000002,
        "祖庙": 90994.49999999999
    },
    "construct": {
        "南庄": 47231.87999999998,
        "石湾": 196805.61000000004,
        "张槎": 848019.65,
        "祖庙": 85546.97999999998
    },
    "prepare": {
        "南庄": 0,
        "石湾": 72965.02,
        "张槎": 406936.42,
        "祖庙": 110166.74
    },
    "doing": {
        "南庄": 4998.65,
        "石湾": 48010.76,
        "张槎": 20481.17,
        "祖庙": 24175.98
    },
    "saled-prepare": {
        "南庄": 0,
        "石湾": 62001.14,
        "张槎": 266865.13999999996,
        "祖庙": 19121.03
    },
    "saled-doing": {
        "南庄": 4998.65,
        "石湾": 26493,
        "张槎": 14266.26,
        "祖庙": 16329.85
    }
}