{
    "prepare": {
        "南庄": {
            "residenceSize": 1816642.5000000005,
            "commerceSize": 111514.23,
            "officeSize": 178085.49,
            "otherSize": 0,
            "parkSize": 0,
            "otherSize1": 0
        },
        "石湾": {
            "residenceSize": 2306671.180000001,
            "commerceSize": 349717.6000000002,
            "officeSize": 265825.91,
            "otherSize": 72965.02,
            "parkSize": 0,
            "otherSize1": 0
        },
        "张槎": {
            "residenceSize": 1206308.100000001,
            "commerceSize": 124329.62,
            "officeSize": 409309.35,
            "otherSize": 406936.42,
            "parkSize": 0,
            "otherSize1": 0
        },
        "祖庙": {
            "residenceSize": 2101047.4700000007,
            "commerceSize": 331642.52,
            "officeSize": 391941.43999999994,
            "otherSize": 110166.74,
            "parkSize": 0,
            "otherSize1": 0
        }
    },
    "doing": {
        "南庄": {
            "residenceSize": 5838.42,
            "commerceSize": 4800.24,
            "officeSize": 0,
            "otherSize": 4998.65,
            "parkSize": 80398.31,
            "otherSize1": 0
        },
        "石湾": {
            "residenceSize": 40034.97,
            "commerceSize": 130442.94,
            "officeSize": 22243.57,
            "otherSize": 48010.76,
            "parkSize": 302017.44,
            "otherSize1": 2042.86
        },
        "张槎": {
            "residenceSize": 0,
            "commerceSize": 0,
            "officeSize": 0,
            "otherSize": 20481.17,
            "parkSize": 144842.37000000002,
            "otherSize1": 6714.410000000001
        },
        "祖庙": {
            "residenceSize": 176013.94,
            "commerceSize": 5292.0199999999995,
            "officeSize": 1587.24,
            "otherSize": 24175.98,
            "parkSize": 190882.52999999994,
            "otherSize1": 2777.83
        }
    },
    "saled-prepare": {
        "南庄": {
            "residenceSize": 1502306.429999999,
            "commerceSize": 41177.539999999986,
            "officeSize": 29925.87,
            "otherSize": 0,
            "parkSize": 0,
            "otherSize1": 0
        },
        "石湾": {
            "residenceSize": 2165906.3600000013,
            "commerceSize": 255469.33000000002,
            "officeSize": 176874.80999999997,
            "otherSize": 62001.14,
            "parkSize": 0,
            "otherSize1": 0
        },
        "张槎": {
            "residenceSize": 1008927.2900000002,
            "commerceSize": 50759.76000000001,
            "officeSize": 255784.76,
            "otherSize": 266865.13999999996,
            "parkSize": 0,
            "otherSize1": 0
        },
        "祖庙": {
            "residenceSize": 1933915.8400000003,
            "commerceSize": 104685.79000000001,
            "officeSize": 186145.32,
            "otherSize": 19121.03,
            "parkSize": 0,
            "otherSize1": 0
        }
    },
    "saled-doing": {
        "南庄": {
            "residenceSize": 0,
            "commerceSize": 2810.04,
            "officeSize": 0,
            "otherSize": 4998.65,
            "parkSize": 48204.5,
            "otherSize1": 0
        },
        "石湾": {
            "residenceSize": 37297.51,
            "commerceSize": 864.08,
            "officeSize": 21236.71,
            "otherSize": 26493,
            "parkSize": 162165.62999999998,
            "otherSize1": 0
        },
        "张槎": {
            "residenceSize": 0,
            "commerceSize": 0,
            "officeSize": 0,
            "otherSize": 14266.26,
            "parkSize": 46305.32,
            "otherSize1": 0
        },
        "祖庙": {
            "residenceSize": 162546.42,
            "commerceSize": 1633.14,
            "officeSize": 0,
            "otherSize": 16329.85,
            "parkSize": 76510.51999999999,
            "otherSize1": 0
        }
    }
}