{
    "construct": {
        "南庄": {
            "residenceSize": 1736133.61,
            "commerceSize": 472568.4999999998,
            "officeSize": 482594.38,
            "otherSize": 47231.87999999998,
            "parkSize": 925755.6000000002,
            "otherSize1": 120165.65
        },
        "石湾": {
            "residenceSize": 2760527.2,
            "commerceSize": 1110181.8900000004,
            "officeSize": 578580.9,
            "otherSize": 196805.61000000004,
            "parkSize": 1453020.9699999997,
            "otherSize1": 143348.77
        },
        "张槎": {
            "residenceSize": 1053675.1700000002,
            "commerceSize": 433878.34,
            "officeSize": 464312.29000000004,
            "otherSize": 848019.65,
            "parkSize": 738998.58,
            "otherSize1": 49289.61999999999
        },
        "祖庙": {
            "residenceSize": 2476346.75,
            "commerceSize": 1031958.0299999994,
            "officeSize": 1051946.1500000001,
            "otherSize": 85546.97999999998,
            "parkSize": 1479423.1299999997,
            "otherSize1": 137938.05
        }
    }
}