{
    "land": {
        "residenceSize": 3155806.15,
        "commerceSize": 1466715.7200000002,
        "officeSize": 0,
        "otherSize": 19479.39,
        "parkSize": 1753149.3399999999,
        "otherSize1": 5701.13
    },
    "plan": {
        "residenceSize": 1926696.6800000004,
        "commerceSize": 694855.3999999999,
        "officeSize": 530184.41,
        "otherSize": 129775.90000000002,
        "parkSize": 1079446.02,
        "otherSize1": 149781.38999999998
    },
    "construct": {
        "residenceSize": 1825272,
        "commerceSize": 528038.2999999998,
        "officeSize": 482594.38,
        "otherSize": 51420.389999999985,
        "parkSize": 957985.8500000002,
        "otherSize1": 126601.48
    },
    "prepare": {
        "residenceSize": 1816642.5000000005,
        "commerceSize": 111514.23,
        "officeSize": 178085.49,
        "otherSize": 0,
        "parkSize": 0,
        "otherSize1": 0
    },
    "doing": {
        "residenceSize": 5838.42,
        "commerceSize": 4800.24,
        "officeSize": 0,
        "otherSize": 4998.65,
        "parkSize": 80398.31,
        "otherSize1": 0
    },
    "saled-prepare": {
        "residenceSize": 1502306.429999999,
        "commerceSize": 41177.539999999986,
        "officeSize": 29925.87,
        "otherSize": 0,
        "parkSize": 0,
        "otherSize1": 0
    },
    "saled-doing": {
        "residenceSize": 0,
        "commerceSize": 2810.04,
        "officeSize": 0,
        "otherSize": 4998.65,
        "parkSize": 48204.5,
        "otherSize1": 0
    }
}