{
    "land": {
        "residenceSize": 2925086.1,
        "commerceSize": 3120797.1399999997,
        "officeSize": 28849.97,
        "otherSize": 49729.7,
        "parkSize": 1785374.0400000003,
        "otherSize1": 6388
    },
    "plan": {
        "residenceSize": 2608808.7900000005,
        "commerceSize": 1109523.3999999994,
        "officeSize": 1140147.7,
        "otherSize": 90994.49999999999,
        "parkSize": 1593609.7299999997,
        "otherSize1": 145629.61999999997
    },
    "construct": {
        "residenceSize": 2484125.74,
        "commerceSize": 1042103.4799999994,
        "officeSize": 1051946.1500000001,
        "otherSize": 85546.97999999998,
        "parkSize": 1502942.0499999996,
        "otherSize1": 140063.24999999997
    },
    "prepare": {
        "residenceSize": 2101047.4700000007,
        "commerceSize": 331642.52,
        "officeSize": 391941.43999999994,
        "otherSize": 110166.74,
        "parkSize": 0,
        "otherSize1": 0
    },
    "doing": {
        "residenceSize": 176013.94,
        "commerceSize": 5292.0199999999995,
        "officeSize": 1587.24,
        "otherSize": 24175.98,
        "parkSize": 190882.52999999994,
        "otherSize1": 2777.83
    },
    "saled-prepare": {
        "residenceSize": 1933915.8400000003,
        "commerceSize": 104685.79000000001,
        "officeSize": 186145.32,
        "otherSize": 19121.03,
        "parkSize": 0,
        "otherSize1": 0
    },
    "saled-doing": {
        "residenceSize": 162546.42,
        "commerceSize": 1633.14,
        "officeSize": 0,
        "otherSize": 16329.85,
        "parkSize": 76510.51999999999,
        "otherSize1": 0
    }
}